timestamp,btc_ticker,eth_ticker,cost_single,cost_combo,total_outlay,btc_depth,eth_depth,outcome,pnl
2026-09-26T16:02:46.161392+00:00,KXBTC15M-26SEP261215-15,KXETH15M-26SEP261215-15,0.5,0.26,0.76,0,0,,
2026-09-26T16:10:23.049126+00:00,KXBTC15M-26SEP261215-15,KXETH15M-26SEP261215-15,0.5,0.26,0.76,0,0,,
2026-09-26T16:12:16.377959+00:00,KXBTC15M-26SEP261215-15,KXETH15M-26SEP261215-15,0.5,0.26,0.76,0,0,,
2026-09-26T16:14:17.145875+00:00,KXBTC15M-26SEP261215-15,KXETH15M-26SEP261215-15,0.5,0.26,0.76,0,0,PENDING,0.0
2026-09-26T16:16:18.445619+00:00,KXBTC15M-26SEP261230-30,KXETH15M-26SEP261230-30,0.5,0.26,0.76,0,0,PENDING,0.0
2026-09-26T16:18:19.529477+00:00,KXBTC15M-26SEP261230-30,KXETH15M-26SEP261230-30,0.5,0.26,0.76,0,0,PENDING,0.0
2026-09-26T16:20:20.202852+00:00,KXBTC15M-26SEP261230-30,KXETH15M-26SEP261230-30,0.5,0.26,0.76,0,0,PENDING,0.0
2026-09-26T16:22:18.718697+00:00,KXBTC15M-26SEP261230-30,KXETH15M-26SEP261230-30,0.5,0.26,0.76,0,0,PENDING,0.0
2026-09-26T16:24:19.478051+00:00,KXBTC15M-26SEP261230-30,KXETH15M-26SEP261230-30,0.5,0.26,0.76,0,0,PENDING,0.0
2026-09-26T16:26:56.199064+00:00,KXBTC15M-26SEP261230-30,KXETH15M-26SEP261230-30,0.5,0.26,0.76,0,0,PENDING,0.0
2026-09-26T16:28:16.405967+00:00,KXBTC15M-26SEP261230-30,KXETH15M-26SEP261230-30,0.5,0.26,0.76,0,0,PENDING,0.0
